,media,desvio_padrao
rfr_prep_R2,0.8253694429397288,0.002465012871366366
rfr_prep_MAE,0.9713432572154445,0.013596379730379297
rfr_prep_MSE,2.605896455478387,0.036783758881243085
