,media,desvio_padrao
rfr_orig_R2,0.8565623634971959,0.0024274065148310086
rfr_orig_MAE,0.8966783860081006,0.00747124751867536
rfr_orig_MSE,2.14042510564659,0.03622258406253648
