,media,desvio_padrao
svm_orig_R2,0.8328770860203801,0.003271154081069979
svm_orig_MAE,0.8899331212672498,0.03142089581867861
svm_orig_MSE,2.4938648567581563,0.048813271678689436
