,media,desvio_padrao
svm_prep_R2,0.8272913209267461,0.00029055450752746254
svm_prep_MAE,0.8639274715323069,0.0036306808272169922
svm_prep_MSE,2.577217539723101,0.004335752997843104
